updateTime,ajoute_par,addTime,id,nom
2023-03-26T17:06:54.437032,IwXqh3xp8hThQlDQH6wLJo39eS02,2023-03-26T17:06:54.309523,48Oxzwdhu2crSuSb9jyD,ÉDUCATION
2023-03-26T17:08:21.923766,IwXqh3xp8hThQlDQH6wLJo39eS02,2023-03-26T17:08:21.708138,H1rNSqdq9p7Ptonzir0W,AGROALIMENTAIRE
2023-09-21T16:08:21.845124,IwXqh3xp8hThQlDQH6wLJo39eS02,2023-03-26T17:06:14.130138,NMm07ka3XBMO7S0N6T7y,BÂTIMENT & AMEUBLEMENT
2023-03-26T17:04:47.653306,IwXqh3xp8hThQlDQH6wLJo39eS02,2023-03-26T17:03:39.422495,R3XawjusHQ57Mla9yIcm,ÉVÉNEMENTIEL
2023-03-26T17:05:17.469729,IwXqh3xp8hThQlDQH6wLJo39eS02,2023-03-26T17:05:17.339911,atJ7z1W4KzLIoNJZFrY9,TRANSPORT
2023-03-26T17:08:36.241446,IwXqh3xp8hThQlDQH6wLJo39eS02,2023-03-26T17:08:36.138650,eOl1l1Abvz8xoq5ABwtt,SANTÉ
2023-03-26T17:05:43.557805,IwXqh3xp8hThQlDQH6wLJo39eS02,2023-03-26T17:05:43.321797,fNm6RTc6SfFtjJ73hnTx,SOINS & BEAUTÉ
2023-03-26T17:06:37.014772,IwXqh3xp8hThQlDQH6wLJo39eS02,2023-03-26T17:06:36.882614,tT8yKDzWw4zoQtl2g6gm,FOURNISSEURS DE SERVICES
2023-03-26T17:04:18.747901,IwXqh3xp8hThQlDQH6wLJo39eS02,2023-03-26T17:04:18.637992,uYQhDPTqxbOSjzxNOimn,JURIDIQUE
